task_idx,method,condition,filename,N,MSE_elementwise,MAE_elementwise,RMSE_vector,total_time_s,avg_time_ms_per_sample
0,baseline,100wind,custom_figure8_baseline_100wind.csv,2514,91.94547271728516,7.135324478149414,16.60832405090332,0.005809199999999848,0.0023107398568018487
1,baseline,35wind,custom_figure8_baseline_35wind.csv,2511,2.014078378677368,1.1203274726867676,2.4580957889556885,0.005236500000000532,0.0020854241338114426
2,baseline,70wind,custom_figure8_baseline_70wind.csv,2512,10.630868911743164,2.5976274013519287,5.6473541259765625,0.0058744999999991165,0.0023385748407639792
3,baseline,nowind,custom_figure8_baseline_nowind.csv,2511,6.365664482116699,1.7480285167694092,4.370010852813721,0.0057138999999999385,0.0022755475906013297
