task_idx,condition,N_total,N_query,MSE_before,MSE_mean_predictor,MSE_after_phi,before_infer_total_ms,before_infer_avg_ms_per_sample,after_infer_total_ms,after_infer_avg_ms_per_sample,improve_vs_before_abs,improve_vs_before_pct,improve_vs_mean_abs,improve_vs_mean_pct
0,100wind,2514,14,91.94547271728516,68.84071350097656,2.148017168045044,5.444999999999922,0.002165871121718346,0.10379999999976519,0.007414285714268942,89.79745554924011,97.6638141013753,66.69269633293152,96.8797284937865
1,35wind,2511,11,2.014078378677368,1.7304288148880005,0.6294705867767334,6.588000000000704,0.002623655913978775,0.11930000000148766,0.010845454545589788,1.3846077919006348,68.74647017510298,1.100958228111267,63.62343360437656
2,70wind,2512,12,10.630868911743164,10.309675216674805,0.6758573055267334,5.882699999999019,0.002341839171974132,0.12230000000101882,0.010191666666751567,9.95501160621643,93.64250174526974,9.633817911148071,93.44443649947763
3,nowind,2511,11,6.365664482116699,4.084996700286865,0.21807874739170074,8.567400000000447,0.003411947431302448,0.1201000000001784,0.010918181818198036,6.1475857347249985,96.57414009166902,3.8669179528951645,94.66147065978325
